<?xml version="1.0" encoding="UTF-8"?>
<project-private xmlns="http://www.netbeans.org/ns/project-private/1">
    <editor-bookmarks xmlns="http://www.netbeans.org/ns/editor-bookmarks/2" lastBookmarkId="0"/>
    <open-files xmlns="http://www.netbeans.org/ns/projectui-open-files/2">
        <group>
            <file>file:/C:/Users/aladi/Documents/NetBeansProjects/Project/src/Tarea.java</file>
            <file>file:/C:/Users/aladi/Documents/NetBeansProjects/Project/src/GestorTareas.java</file>
            <file>file:/C:/Users/aladi/Documents/NetBeansProjects/Project/src/MainView.java</file>
            <file>file:/C:/Users/aladi/Documents/NetBeansProjects/Project/src/main.java</file>
            <file>file:/C:/Users/aladi/Documents/NetBeansProjects/Project/src/TareasController.java</file>
        </group>
    </open-files>
</project-private>
